gene,name,agcn
APOBEC3A,NA06985,"3,3,3"
APOBEC3A,NA06991,"3,3,3"
APOBEC3A,NA06993,"4,4,4"
APOBEC3A,NA06994,"4,4,4"
APOBEC3A,NA07000,"4,4,4"
APOBEC3A,NA07019,"4,4,4"
APOBEC3A,NA07022,"4,4,4"
APOBEC3A,NA07029,"4,4,4"
APOBEC3A,NA07034,"4,4,4"
APOBEC3A,NA07048,"4,4,4"
APOBEC3A,NA07055,"4,4,4"
APOBEC3A,NA07056,"4,4,4"
APOBEC3A,NA07345,"4,4,4"
APOBEC3A,NA07348,"4,4,4"
APOBEC3A,NA07357,"4,4,4"
APOBEC3A,NA10830,"3,3,3"
APOBEC3A,NA10831,"4,4,4"
APOBEC3A,NA10835,"4,4,4"
APOBEC3A,NA10838,"4,4,4"
APOBEC3A,NA10839,"3,3,3"
APOBEC3A,NA10846,"4,4,4"
APOBEC3A,NA10847,"3,3,3"
APOBEC3A,NA10851,"4,4,4"
APOBEC3A,NA10854,"4,4,4"
APOBEC3A,NA10855,"4,4,4"
APOBEC3A,NA10856,"4,4,4"
APOBEC3A,NA10857,"4,4,4"
APOBEC3A,NA10859,"4,4,4"
APOBEC3A,NA10860,"4,4,4"
APOBEC3A,NA10861,"4,4,4"
APOBEC3A,NA10863,"4,4,4"
APOBEC3A,NA11829,"4,4,4"
APOBEC3A,NA11830,"4,4,4"
APOBEC3A,NA11831,"4,4,4"
APOBEC3A,NA11832,"4,4,4"
APOBEC3A,NA11839,"4,4,4"
APOBEC3A,NA11840,"4,4,4"
APOBEC3A,NA11881,"4,4,4"
APOBEC3A,NA11882,"4,4,4"
APOBEC3A,NA11992,"4,4,4"
APOBEC3A,NA11993,"4,4,4"
APOBEC3A,NA11994,"4,4,4"
APOBEC3A,NA11995,"4,4,4"
APOBEC3A,NA12003,"4,4,4"
APOBEC3A,NA12004,"4,4,4"
APOBEC3A,NA12005,"4,4,4"
APOBEC3A,NA12006,"3,3,3"
APOBEC3A,NA12043,"4,4,4"
APOBEC3A,NA12044,"4,4,4"
APOBEC3A,NA12056,"4,4,4"
APOBEC3A,NA12057,"4,4,4"
APOBEC3A,NA12144,"4,4,4"
APOBEC3A,NA12145,"4,4,4"
APOBEC3A,NA12146,"3,3,3"
APOBEC3A,NA12154,"3,3,3"
APOBEC3A,NA12155,"4,4,4"
APOBEC3A,NA12156,"4,4,4"
APOBEC3A,NA12234,"4,4,4"
APOBEC3A,NA12236,"4,4,4"
APOBEC3A,NA12239,"4,4,4"
APOBEC3A,NA12248,"4,4,4"
APOBEC3A,NA12249,"4,4,4"
APOBEC3A,NA12264,"4,4,4"
APOBEC3A,NA12707,"3,3,3"
APOBEC3A,NA12716,"4,4,4"
APOBEC3A,NA12717,"3,3,3"
APOBEC3A,NA12740,"4,4,4"
APOBEC3A,NA12750,"4,4,4"
APOBEC3A,NA12751,"4,4,4"
APOBEC3A,NA12752,"4,4,4"
APOBEC3A,NA12753,"4,4,4"
APOBEC3A,NA12760,"4,4,4"
APOBEC3A,NA12761,"4,4,4"
APOBEC3A,NA12762,"4,4,4"
APOBEC3A,NA12763,"3,3,3"
APOBEC3A,NA12801,"4,4,4"
APOBEC3A,NA12802,"4,4,4"
APOBEC3A,NA12812,"4,4,4"
APOBEC3A,NA12813,"3,3,3"
APOBEC3A,NA12814,"4,4,4"
APOBEC3A,NA12815,"4,4,4"
APOBEC3A,NA12864,"3,3,3"
APOBEC3A,NA12865,"4,4,4"
APOBEC3A,NA12872,"4,4,4"
APOBEC3A,NA12873,"3,3,3"
APOBEC3A,NA12874,"4,4,4"
APOBEC3A,NA12875,"4,4,4"
APOBEC3A,NA12878,"4,4,4"
APOBEC3A,NA12891,"4,4,4"
APOBEC3A,NA12892,"4,4,4"
APOBEC3A,NA18500,"4,4,4"
APOBEC3A,NA18501,"4,4,4"
APOBEC3A,NA18502,"4,4,4"
APOBEC3A,NA18503,"4,4,4"
APOBEC3A,NA18504,"4,4,4"
APOBEC3A,NA18505,"4,4,4"
APOBEC3A,NA18506,"3,3,3"
APOBEC3A,NA18507,"3,3,3"
APOBEC3A,NA18508,"4,4,4"
APOBEC3A,NA18515,"4,4,4"
APOBEC3A,NA18516,"4,4,4"
APOBEC3A,NA18517,"4,4,4"
APOBEC3A,NA18521,"4,4,4"
APOBEC3A,NA18522,"4,4,4"
APOBEC3A,NA18523,"4,4,4"
APOBEC3A,NA18524,"4,4,4"
APOBEC3A,NA18526,"3,3,3"
APOBEC3A,NA18529,"3,3,3"
APOBEC3A,NA18532,"3,3,3"
APOBEC3A,NA18537,"2,2,2"
APOBEC3A,NA18540,"3,3,3"
APOBEC3A,NA18542,"3,3,3"
APOBEC3A,NA18545,"3,3,3"
APOBEC3A,NA18547,"4,4,4"
APOBEC3A,NA18550,"4,4,4"
APOBEC3A,NA18552,"4,4,4"
APOBEC3A,NA18555,"4,4,4"
APOBEC3A,NA18558,"4,4,4"
APOBEC3A,NA18561,"3,3,3"
APOBEC3A,NA18562,"3,3,3"
APOBEC3A,NA18563,"3,3,3"
APOBEC3A,NA18564,"4,4,4"
APOBEC3A,NA18566,"3,3,3"
APOBEC3A,NA18570,"4,4,4"
APOBEC3A,NA18571,"3,3,3"
APOBEC3A,NA18572,"2,2,2"
APOBEC3A,NA18573,"4,4,4"
APOBEC3A,NA18576,"3,3,3"
APOBEC3A,NA18577,"4,4,4"
APOBEC3A,NA18579,"2,2,2"
APOBEC3A,NA18582,"4,4,4"
APOBEC3A,NA18592,"4,4,4"
APOBEC3A,NA18593,"4,4,4"
APOBEC3A,NA18594,"3,3,3"
APOBEC3A,NA18603,"2,2,2"
APOBEC3A,NA18605,"3,3,3"
APOBEC3A,NA18608,"3,3,3"
APOBEC3A,NA18609,"4,4,4"
APOBEC3A,NA18611,"2,2,2"
APOBEC3A,NA18612,"4,4,4"
APOBEC3A,NA18620,"3,3,3"
APOBEC3A,NA18621,"4,4,4"
APOBEC3A,NA18622,"3,3,3"
APOBEC3A,NA18623,"3,3,3"
APOBEC3A,NA18624,"2,2,2"
APOBEC3A,NA18632,"2,2,2"
APOBEC3A,NA18633,"4,4,4"
APOBEC3A,NA18635,"4,4,4"
APOBEC3A,NA18636,"3,3,3"
APOBEC3A,NA18637,"4,4,4"
APOBEC3A,NA18852,"4,4,4"
APOBEC3A,NA18853,"4,4,4"
APOBEC3A,NA18854,"4,4,4"
APOBEC3A,NA18855,"4,4,4"
APOBEC3A,NA18856,"4,4,4"
APOBEC3A,NA18857,"4,4,4"
APOBEC3A,NA18858,"4,4,4"
APOBEC3A,NA18859,"4,4,4"
APOBEC3A,NA18860,"4,4,4"
APOBEC3A,NA18861,"4,4,4"
APOBEC3A,NA18862,"4,4,4"
APOBEC3A,NA18863,"4,4,4"
APOBEC3A,NA18870,"4,4,4"
APOBEC3A,NA18871,"4,4,4"
APOBEC3A,NA18872,"4,4,4"
APOBEC3A,NA18912,"3,3,3"
APOBEC3A,NA18913,"4,4,4"
APOBEC3A,NA18914,"4,4,4"
APOBEC3A,NA18940,"3,3,3"
APOBEC3A,NA18942,"4,4,4"
APOBEC3A,NA18943,"3,3,3"
APOBEC3A,NA18944,"3,3,3"
APOBEC3A,NA18945,"3,3,3"
APOBEC3A,NA18947,"2,2,2"
APOBEC3A,NA18948,"2,2,2"
APOBEC3A,NA18949,"4,4,4"
APOBEC3A,NA18951,"3,3,3"
APOBEC3A,NA18952,"3,3,3"
APOBEC3A,NA18953,"4,4,4"
APOBEC3A,NA18956,"3,3,3"
APOBEC3A,NA18959,"3,3,3"
APOBEC3A,NA18960,"2,2,2"
APOBEC3A,NA18961,"3,3,3"
APOBEC3A,NA18964,"3,3,3"
APOBEC3A,NA18965,"3,3,3"
APOBEC3A,NA18966,"4,4,4"
APOBEC3A,NA18967,"4,4,4"
APOBEC3A,NA18968,"3,3,3"
APOBEC3A,NA18969,"4,4,4"
APOBEC3A,NA18970,"2,2,2"
APOBEC3A,NA18971,"3,3,3"
APOBEC3A,NA18972,"4,4,4"
APOBEC3A,NA18973,"3,3,3"
APOBEC3A,NA18974,"4,4,4"
APOBEC3A,NA18975,"4,4,4"
APOBEC3A,NA18976,"2,2,2"
APOBEC3A,NA18978,"4,4,4"
APOBEC3A,NA18980,"4,4,4"
APOBEC3A,NA18981,"4,4,4"
APOBEC3A,NA18987,"2,2,2"
APOBEC3A,NA18990,"3,3,3"
APOBEC3A,NA18991,"3,3,3"
APOBEC3A,NA18992,"3,3,3"
APOBEC3A,NA18994,"4,4,4"
APOBEC3A,NA18995,"2,2,2"
APOBEC3A,NA18997,"4,4,4"
APOBEC3A,NA18998,"4,4,4"
APOBEC3A,NA18999,"3,3,3"
APOBEC3A,NA19000,"4,4,4"
APOBEC3A,NA19003,"3,3,3"
APOBEC3A,NA19005,"4,4,4"
APOBEC3A,NA19007,"3,3,3"
APOBEC3A,NA19012,"3,3,3"
APOBEC3A,NA19092,"4,4,4"
APOBEC3A,NA19093,"4,4,4"
APOBEC3A,NA19094,"4,4,4"
APOBEC3A,NA19098,"4,4,4"
APOBEC3A,NA19099,"4,4,4"
APOBEC3A,NA19100,"4,4,4"
APOBEC3A,NA19101,"4,4,4"
APOBEC3A,NA19102,"4,4,4"
APOBEC3A,NA19103,"4,4,4"
APOBEC3A,NA19116,"4,4,4"
APOBEC3A,NA19119,"4,4,4"
APOBEC3A,NA19120,"4,4,4"
APOBEC3A,NA19127,"4,4,4"
APOBEC3A,NA19128,"4,4,4"
APOBEC3A,NA19129,"4,4,4"
APOBEC3A,NA19130,"4,4,4"
APOBEC3A,NA19131,"4,4,4"
APOBEC3A,NA19132,"4,4,4"
APOBEC3A,NA19137,"4,4,4"
APOBEC3A,NA19138,"4,4,4"
APOBEC3A,NA19139,"4,4,4"
APOBEC3A,NA19140,"4,4,4"
APOBEC3A,NA19141,"4,4,4"
APOBEC3A,NA19142,"4,4,4"
APOBEC3A,NA19143,"4,4,4"
APOBEC3A,NA19144,"4,4,4"
APOBEC3A,NA19145,"4,4,4"
APOBEC3A,NA19152,"4,4,4"
APOBEC3A,NA19153,"4,4,4"
APOBEC3A,NA19154,"4,4,4"
APOBEC3A,NA19159,"4,4,4"
APOBEC3A,NA19160,"4,4,4"
APOBEC3A,NA19161,"4,4,4"
APOBEC3A,NA19171,"4,4,4"
APOBEC3A,NA19172,"4,4,4"
APOBEC3A,NA19173,"4,4,4"
APOBEC3A,NA19192,"4,4,4"
APOBEC3A,NA19193,"4,4,4"
APOBEC3A,NA19194,"4,4,4"
APOBEC3A,NA19200,"4,4,4"
APOBEC3A,NA19201,"4,4,4"
APOBEC3A,NA19202,"4,4,4"
APOBEC3A,NA19203,"4,4,4"
APOBEC3A,NA19204,"3,3,3"
APOBEC3A,NA19205,"4,4,4"
APOBEC3A,NA19206,"4,4,4"
APOBEC3A,NA19207,"4,4,4"
APOBEC3A,NA19208,"4,4,4"
APOBEC3A,NA19209,"4,4,4"
APOBEC3A,NA19210,"4,4,4"
APOBEC3A,NA19211,"4,4,4"
APOBEC3A,NA19221,"4,4,4"
APOBEC3A,NA19222,"4,4,4"
APOBEC3A,NA19223,"4,4,4"
APOBEC3A,NA19238,"4,4,4"
APOBEC3A,NA19239,"4,4,4"
APOBEC3A,NA19240,"4,4,4"
